domain,alive,homepage_kb,internal_links,indexed_pages_est,visitors_est_monthly
000.az,True,98.62,213,429,17329
001.az,True,9.14,0,21,243
002.az,True,35.92,0,79,1059
003.az,True,35.92,0,79,1077
004.az,True,35.92,0,79,1058
005.az,True,35.92,0,79,976
006.az,True,35.92,0,79,1095
008.az,True,35.92,0,79,1091
009.az,True,35.92,0,79,995
010.az,True,129.0,42,394,16178
0101.az,True,20.6,3,49,752
022avtoservis.az,True,0.6,0,2,20
070.az,True,31.31,27,90,1869
088.az,True,0.19,0,1,9
0km.az,True,32.09,45,100,2244
1-0.az,True,2.0,0,5,48
1-2-3.az,True,389.72,131,1497,153725
1-win.az,False,0.0,0,1,1
100.az,True,6.16,0,14,150
1000.az,True,0.0,0,1,9
1001flowers.az,False,0.0,0,1,1
1001gece.az,False,0.0,0,1,1
1001info.az,True,55.16,107,203,5852
1001kitab.az,True,180.64,283,849,46097
1001sinaq.az,False,0.0,0,1,1
1001tours.az,True,23.69,36,71,1441
1001xidmet.az,False,0.0,0,1,1
100faktintarixi.az,True,93.13,3,217,5241
100yasha.az,True,86.9,8,217,6298
101domain.az,True,17.51,12,46,778
102info.az,True,650.39,789,4227,716486
106-3fm.az,True,64.6,38,195,5537
106fm.az,True,2.33,0,6,60
10lar.az,True,0.68,0,2,20
110.az,True,35.92,0,79,1155
112.az,False,0.0,0,1,1
114.az,True,0.01,0,1,9
117.az,False,0.0,0,1,1
119.az,True,10.66,15,29,493
121pro.az,True,34.64,0,76,1097
123.az,False,0.0,0,1,1
1234.az,True,68.22,4,162,3609
123news.az,False,0.0,0,1,1
124studios.az,False,0.0,0,1,1
12restoran.az,True,1457.72,12,3757,842416
1337.az,False,0.0,0,1,1
13rr.az,True,3.77,0,9,101
13villa.az,True,0.01,0,1,10
145.az,True,24.61,24,70,1325
145group.az,True,52.19,0,114,1566
149avtotelim.az,True,72.78,41,222,6354
149dekor.az,True,50.16,54,161,3940
149dekorxidmeti.az,True,50.16,54,161,4099
149suruculuk.az,False,0.0,0,1,1
149xanimlar.az,False,0.0,0,1,1
149xanimlarinxetti.az,True,50.16,54,161,4332
14reklam.az,True,66.23,5,159,3249
158cargotaxi.az,False,0.0,0,1,1
166.az,True,406.18,213,1764,181734
166cargo.az,True,18.67,0,41,449
166china.az,True,189.02,38,568,31138
166hr.az,True,34.21,25,97,2000
166hvac.az,False,0.0,0,1,1
166karqo.az,True,18.67,0,41,464
166logistika.az,True,189.02,38,568,25878
166qr.az,True,0.45,0,2,18
166servis.az,True,0.47,0,2,18
166tech.az,True,87.1,57,281,9699
166temizlik.az,True,211.58,87,742,45122
166tender.az,True,35.13,0,77,1116
166xalca.az,True,75.79,51,240,8053
1676.az,True,26.85,46,84,1959
1676express.az,True,0.05,0,1,9
1688.az,True,0.09,0,1,9
171.az,True,7.04,3,17,210
175.az,True,41.46,53,133,3082
183.az,False,0.0,0,1,1
189courier.az,False,0.0,0,1,1
189taxi.az,True,20.42,28,59,1207
18saylivekilburosu.az,False,0.0,0,1,1
1905.az,True,126.36,246,571,24584
1937.az,True,29.04,0,64,837
1945.az,False,0.0,0,1,1
19tti.az,True,62.28,20,171,4247
1bank.az,False,0.0,0,1,1
1bax.az,False,0.0,0,1,1
1box.az,True,29.64,74,101,2358
1c-bitrix.az,True,19.68,32,58,1154
1caz.az,True,19.62,51,63,1430
1cbn.az,False,0.0,0,1,1
1cfresh.az,False,0.0,0,1,1
1cloud.az,True,32.92,14,87,1772
1cmuhasib.az,True,40.7,39,124,2873
1conline.az,True,340.4,1315,2658,275714
1cs5.az,True,0.61,0,2,20
1csolutions.az,True,113.79,4,269,7298
1ev.az,True,1.19,2,4,45
1evsat.az,True,314.49,415,1656,154518
1group.az,False,0.0,0,1,1
1gunluk.az,False,0.0,0,1,1
1home.az,True,82.96,20,228,7049
1host.az,True,0.84,0,3,29
1imtahan.az,True,22.54,2,52,830
1is.az,True,302.77,179,1256,111464
1kod.az,True,4.41,3,11,154
1kuryer.az,True,64.2,26,183,4979
1link.az,True,2136.95,49,6693,2668122
1manat.az,True,22.39,0,49,550
1muhasib.az,True,40.7,41,125,3336
1news.az,True,70.32,253,321,11428
1point.az,False,0.0,0,1,1
1rebel.az,True,103.52,4,245,5960
1school.az,True,6.13,0,14,133
1sec.az,True,20.51,19,57,1191
1sigorta.az,True,36.62,2,84,1402
1sinaq.az,False,0.0,0,1,1
1soft.az,True,252.79,92,897,63912
1standart.az,True,120.38,11,308,9584
1step.az,True,35.39,0,77,1001
1stfitness.az,True,70.17,24,197,5810
1stophs.az,True,61.45,0,134,2220
1taksi.az,True,0.04,0,1,10
1taxi.az,True,0.04,0,1,9
1time.az,True,311.15,467,1700,156465
1to1edu.az,True,3.3,0,8,81
1turkcell.az,True,82.1,0,178,3125
1vin.az,False,0.0,0,1,1
1web.az,True,99.52,19,271,8485
1win.az,False,0.0,0,1,1
1win-az.az,True,11.42,0,26,303
1win-azerbaycan.az,False,0.0,0,1,1
1win-azerbaycan2.az,False,0.0,0,1,1
1win-bet.az,True,58.53,46,182,5060
1win-casino.az,True,207.18,34,611,32981
1win0.az,False,0.0,0,1,1
1win1.az,False,0.0,0,1,1
1wins.az,True,104.15,24,293,8872
1winx.az,False,0.0,0,1,1
1xeber.az,True,277.14,5,664,32082
200.az,True,5.11,0,12,130
200soft.az,True,0.96,0,3,27
20january.az,False,0.0,0,1,1
20thcenturyfox.az,False,0.0,0,1,1
21couturehouse.az,False,0.0,0,1,1
220-volt.az,True,2.34,0,6,59
220volt.az,True,2.34,0,6,60
2222.az,True,3.11,0,8,84
23group.az,True,103.94,6,253,7725
23hotels.az,True,0.0,0,1,9
23steps.az,True,211.02,39,637,33035
2424.az,False,0.0,0,1,1
247app.az,True,175.44,2,400,13910
247transport.az,False,0.0,0,1,1
24info.az,True,5.92,0,14,136
24infomedia.az,True,109.91,188,463,19487
24k.az,True,436.12,659,2666,333071
24kitchen.az,True,0.09,0,1,9
24media.az,True,65.86,173,272,10064
24sahe.az,False,0.0,0,1,1
24x7.az,False,0.0,0,1,1
24xeber.az,True,751.36,0,1624,140004
25saat.az,False,0.0,0,1,1
27sentyabr.az,True,288.53,1040,2068,200627
28cinema.az,True,49.67,8,124,2733
28mall.az,True,28.32,1,64,1016
2baku.az,True,750.28,0,1622,133571
2gis.az,True,462.46,21,1273,114080
2m-supply.az,True,67.75,3,158,3493
2meet.az,True,1.08,0,3,31
2school.az,True,25.78,4,62,1031
2teker.az,True,162.68,272,756,39959
2x2consulting.az,True,36.49,36,109,2448
306.az,False,0.0,0,1,1
313.az,False,0.0,0,1,1
31c.az,True,45.41,14,120,2953
31concept.az,True,45.41,14,120,2776
32gozel.az,True,0.49,0,2,20
32gun.az,True,77.42,113,288,9347
32inci.az,True,0.48,0,2,18
32karat.az,True,9.31,7,24,360
3333047.az,True,11.51,0,26,308
333e-oyun.az,True,12.51,8,32,552
33event.az,True,136.76,47,426,18120
360.az,True,0.16,0,1,10
360boost.az,True,335.66,4,792,44648
360camera.az,True,2.54,0,6,55
360kamera.az,True,2.54,0,6,57
360marketinq.az,True,250.94,62,822,48408
361.az,True,16.48,1,38,538
365.az,False,0.0,0,1,1
365-azcon.az,False,0.0,0,1,1
365farmnet.az,True,115.25,3,268,7143
365tourism.az,True,43.65,1,98,1741
366.az,True,0.16,0,1,9
3aan.az,True,98.05,4,232,5671
3agroup.az,True,15.99,0,36,378
3alma.az,True,83.96,82,291,9957
3cx.az,True,1307.95,97,4689,1266984
3ddesign.az,True,132.92,51,420,17426
3dgroup.az,True,0.24,0,2,21
3dm.az,False,0.0,0,1,1
3dmedia.az,True,99.64,63,328,12208
3dmodel.az,True,16.01,0,36,450
3dots.az,True,51.13,32,150,4216
3dprint.az,True,104.69,19,285,9469
3dprinter.az,True,266.95,32,780,48331
3dqaraj.az,True,96.12,12,249,7386
3dsecure.az,False,0.0,0,1,1
3dskan.az,True,4.8,0,11,122
3dstudio.az,True,1.32,0,4,41
3dtexnologiya.az,True,104.17,113,387,14403
3faz.az,True,203.99,0,442,14589
3gen.az,True,26.0,3,61,1002
3genpro.az,False,0.0,0,1,1
3plus.az,True,194.53,13,507,22775
3sgroup.az,False,0.0,0,1,1
3sual.az,True,4.13,0,10,102
3tservice.az,False,0.0,0,1,1
4040.az,True,0.29,0,2,18
42-ciparalel.az,False,0.0,0,1,1
421.az,False,0.0,0,1,1
42coffeeroasters.az,True,66.45,16,178,4272
42u.az,True,2.95,0,7,70
43nar.az,True,72.98,11,187,4582
44days.az,True,56.41,0,123,1877
44gun.az,True,0.08,0,1,9
44gunsavash.az,True,53.3,128,204,6229
4cars.az,True,189.06,7,465,20671
4carx.az,True,47.04,15,125,3113
4comfort.az,True,37.4,37,113,2576
4connection.az,False,0.0,0,1,1
4corner.az,False,0.0,0,1,1
4cult.az,True,47.88,49,151,3930
4drive.az,True,151.6,70,509,22783
4drones.az,True,45.38,3,106,2041
4finance.az,True,1.3,0,4,43
4in.az,True,45.49,22,127,3157
4k6ag.az,True,106.6,13,278,9550
4kids.az,True,66.61,76,228,6436
4rest.az,False,0.0,0,1,1
4stars.az,False,0.0,0,1,1
4teker.az,True,47.04,110,174,5014
4trip.az,True,1231.33,22,3408,790099
4you.az,False,0.0,0,1,1
50-50.az,True,2.35,0,6,66
505.az,False,0.0,0,1,1
5050.az,True,103.83,13,271,7712
5055ayiqsurucu.az,True,22.38,0,49,611
50qepik.az,True,117.42,4,278,8659
525.az,False,0.0,0,1,1
5959.az,True,13.29,0,30,360
5adent.az,True,204.81,67,681,37459
5doors.az,True,53.13,13,139,3170
5fm.az,False,0.0,0,1,1
5inn1.az,True,1.08,0,3,30
5media.az,False,0.0,0,1,1
5slogistic.az,False,0.0,0,1,1
6-cimertebe.az,False,0.0,0,1,1
6070.az,True,51.73,78,178,4936
611cars.az,True,27.82,10,71,1210
63motors.az,True,81.31,1,182,3542
666.az,False,0.11,0,1,1
666temizlik.az,True,14.75,10,38,673
68dp.az,True,51.14,2,117,2190
6900.az,True,111.14,0,241,4717
6hiss.az,True,8.38,0,19,184
6news.az,False,0.0,0,1,1
700.az,True,15.63,27,46,842
7070.az,True,3.3,0,8,85
70mai.az,False,0.0,0,1,1
7676.az,True,42.95,1,97,1693
777rentcar.az,True,314.92,18,850,54109
7art.az,True,4.77,1,12,137
7doc.az,True,33.2,3,78,1241
7erp.az,False,0.0,0,1,1
7esim.az,True,29.8,28,86,1793
7far.az,False,0.0,0,1,1
7gul.az,True,50.82,70,171,5037
7gym.az,True,50.54,1,114,1822
7hrm.az,True,100.93,5,242,6865
7mads.az,True,79.11,3,185,4307
7news.az,True,108.07,576,632,32465
7points.az,True,3.77,0,9,85
7space.az,False,0.0,0,1,1
7times.az,True,186.2,198,794,42364
825.az,True,5.57,0,13,133
888casino.az,True,2.06,0,5,55
888poker.az,True,2.06,0,5,53
888sport.az,True,2.06,0,5,54
898.az,False,0.0,0,1,1
8beit.az,True,25.27,3,60,921
8bit.az,False,0.0,0,1,1
900.az,True,87.32,6,213,5768
90deqiqe.az,True,237.59,27,677,41642
90fm.az,True,27.66,0,61,853
90plus.az,True,64.43,121,244,7414
9100.az,True,11.59,0,26,291
925.az,True,323.06,420,1708,165689
940.az,True,7.91,4,20,309
951.az,True,0.87,0,3,31
9911.az,True,6.08,0,14,148
9991.az,True,52.9,13,138,3174
9ay.az,True,152.18,470,834,49338
9bit.az,False,0.0,0,1,1
9lug.az,False,0.0,0,1,1
a-audit.az,True,118.45,95,424,19197
a-group.az,True,178.17,183,744,43762
a-health.az,False,0.0,0,1,1
a-level.az,False,0.0,0,1,1
a-proof.az,True,2.84,0,7,67
a-r.az,False,0.0,0,1,1
a-trade.az,False,0.0,0,1,1
a-z.az,True,12.91,7,33,526
a100.az,False,0.0,0,1,1
a101.az,True,16.01,0,36,407
a11.az,True,56.85,5,137,2763
a1qa.az,True,99.1,8,247,7162
a1zsolution.az,True,182.12,16,485,21025
a2s.az,True,0.01,0,1,9
a2studio.az,False,0.0,0,1,1
a2z.az,False,0.0,0,1,1
a3ss.az,True,18.56,6,46,715
a4ofis.az,False,0.0,0,1,1
a4shop.az,False,0.0,0,1,1
aa-group.az,True,187.41,47,584,32222
aaaf.az,True,236.17,267,1092,78994
aaamc.az,False,0.0,0,1,1
aab.az,True,70.96,2,163,3451
aac.az,True,0.32,0,2,21
aacs.az,True,45.81,0,100,1331
aada.az,True,22.52,27,65,1294
aaf.az,True,68.82,1,154,2863
aafoodgroup.az,True,198.29,5,475,18528
aagro.az,True,9.37,51,31,588
aah.az,True,19.52,41,60,1151
aalegal.az,True,18.71,19,52,956
aamh.az,False,0.0,0,1,1
aammc.az,True,222.59,24,624,36071
aamotors.az,False,0.0,0,1,1
aan.az,True,27.28,0,60,757
aandaaudit.az,True,19.53,4,47,743
aanf.az,True,1.43,0,4,43
aap.az,True,42.36,4,101,1909
aarc.az,True,7.53,0,17,185
aarinfo.az,True,54.42,121,206,6443
aas-ekol.az,False,0.0,0,1,1
aasecurity.az,True,62.97,107,232,6791
aaservices.az,True,0.18,0,1,10
aasgo.az,True,204.49,119,768,46376
aask.az,True,7.43,1,18,200
aasted.az,False,110.93,0,241,249
aastudio.az,False,0.0,0,1,1
aat.az,True,2.06,1,6,62
aatg.az,True,21.94,9,56,950
aatuning.az,True,22.86,24,65,1182
ab-origin.az,True,23.63,4,57,1013
aba.az,True,113.06,256,517,24993
ababil.az,True,31.72,24,90,2085
abacommerce.az,True,20.25,38,62,1274
abacus.az,True,225.71,13,588,26733
abacusaudit.az,True,121.37,47,378,14269
abad.az,True,123.29,1,275,6676
abada.az,True,76.99,93,274,9484
abadlig.az,True,100.47,67,335,12172
abadliq.az,True,100.47,71,338,11841
abaexpress.az,False,0.0,0,1,1
abagroup.az,False,0.0,0,1,1
abak.az,True,0.07,0,1,10
abamedia.az,True,0.02,0,1,9
abasoft.az,False,0.0,0,1,1
abatrading.az,True,52.37,61,172,5009
abatravel.az,True,42.9,0,94,1461
abb.az,True,65.3,142,257,9253
abb-bank.az,True,168.11,228,744,44168
abb-home.az,False,0.0,0,1,1
abb-leasing.az,True,35.3,38,107,2352
abbas.az,False,0.0,0,1,1
abbasli.az,True,16.01,0,36,425
abbasmirzasharifzade.az,True,172.13,0,373,9670
abbasoff.az,True,1.03,0,3,27
abbasov.az,True,39.79,20,110,2530
abbhome.az,True,70.47,0,153,2718
abbhr.az,True,9.5,0,22,221
abbinnovation.az,True,48.21,23,135,3355
abbinvest.az,True,118.93,84,414,16531
abblink.az,True,28.91,2,67,999
abbmiles.az,True,484.7,0,1048,58286
abbsehm.az,True,176.27,1,393,11789
abbtech.az,True,75.89,75,259,7970
abc.az,True,144.92,155,580,25810
abc-telecom.az,False,0.0,0,1,1
abcc.az,True,88.44,69,296,9511
abcedu.az,False,0.0,0,1,1
abcon.az,True,12.71,0,28,331
abconsulting.az,True,105.68,17,284,8737
abcpharm.az,True,120.39,82,417,15955
abdomeno.az,True,45.96,27,132,2936
abdominoplastika.az,False,0.0,0,1,1
abdu.az,True,3.42,0,8,84
abdulhuseyn.az,True,6.5,1,15,175
abdullah.az,True,5.08,0,12,138
abdullaoglu.az,True,458.99,507,2574,350145
abdullarahimli.az,True,4.75,0,11,123
abdullashaig.az,True,20.45,14,55,1075
abdullayev.az,False,0.0,0,1,1
abdurrahim.az,True,51.96,31,152,3923
abec.az,True,5.02,1,12,140
abegroup.az,True,6.52,0,15,155
abena.az,False,0.0,0,1,1
abes.az,True,31.94,18,87,1914
abf.az,True,84.55,65,280,9121
abftc.az,True,110.6,61,362,13690
abi.az,True,5.72,0,13,133
abicon.az,True,0.61,0,2,19
abicons.az,True,76.46,14,201,5804
abif.az,True,60.91,12,158,3494
abiturient.az,True,84.79,76,290,10926
abiyeva.az,False,0.0,0,1,1
abiz.az,True,20.16,10,52,864
abk.az,False,0.0,0,1,1
abl.az,True,9.14,0,21,232
abm.az,True,9.14,0,21,237
abmvgiia.az,True,38.73,50,123,3061
aboca.az,False,0.0,0,1,1
abonent.az,False,0.0,0,1,1
abonnet.az,True,767.14,18,2070,263430
abotanik.az,True,59.94,12,155,3629
abp.az,True,37.7,39,115,2780
abplast.az,True,49.48,4,118,2119
abqora.az,True,0.29,0,2,21
abqora-restaurant.az,True,0.29,0,2,20
abrargroup.az,True,8.0,0,18,211
abrau.az,True,26.55,23,75,1613
abseron-sanatoriyasi.az,False,0.0,0,1,1
abseronmakina.az,True,50.88,51,161,4517
absheron-co.az,True,35.06,0,77,997
absheron-industrial.az,False,0.0,0,1,1
absheron-sharab.az,True,106.46,204,458,18456
absheron-vk.az,True,40.22,108,149,4139
absheroncms.az,True,7.28,1,17,206
absherondining.az,False,0.0,0,1,1
absheronhotelgroup.az,True,0.3,0,2,19
absheronhotels.az,True,0.3,0,2,21
absheronleasing.az,True,2.48,0,6,62
absheronlighting.az,True,47.08,21,130,2924
absheronport.az,True,111.76,150,444,20480
absheronsigorta.az,True,1.34,1,4,46
absherontm.az,True,12.73,11,34,595
absherontravel.az,True,219.79,59,713,37537
absheronxeber.az,True,85.22,178,354,13423
absmech.az,True,342.61,1,764,40106
abst.az,True,14.09,1,32,401
abstractmodule.az,False,0.0,0,1,1
abtc.az,True,110.6,3,258,7028
abtexnik.az,True,18.72,1,43,635
abu.az,True,6.91,0,16,182
abualitravel.az,True,112.35,0,244,5339
abulife.az,True,8.16,0,19,204
abumi.az,True,243.84,89,859,60195
abuneol.az,True,201.93,8,502,20392
abushov.az,True,30.84,4,74,1198
abv.az,True,197.02,438,1056,71828
abw.az,False,0.0,0,1,1
academic.az,False,0.0,0,1,1
academic-studies.az,True,166.3,115,620,32177
academy.az,True,502.04,8,1246,113443
academy-aba.az,True,2.04,0,5,55
academyestet.az,True,48.13,18,131,3098
academyplato.az,True,50.78,73,172,4816
academyshahana.az,True,332.21,83,1153,101235
acar.az,True,64.41,24,181,4988
acaralemi.az,True,87.73,8,219,6381
acartemiri.az,True,8.12,0,19,223
acb.az,True,68.76,52,219,7143
acc-m.az,True,335.88,18,907,62530
accco.az,True,0.0,0,1,10
access.az,False,0.0,0,1,1
accessbank.az,True,60.65,144,239,7266
accessdmc.az,True,138.49,39,418,18510
accessories.az,True,3.71,0,9,92
accesstravel.az,True,5.41,4,14,177
accfin.az,True,87.82,32,257,8416
accn.az,True,145.53,10,369,14214
accora.az,True,30.95,24,88,1822
accounting.az,True,70.43,51,223,6707
accountmaster.az,True,166.83,55,534,27435
acdna.az,True,64.71,35,193,5625
aceconsultants.az,True,11.96,47,38,695
aces.az,True,65.94,93,235,6934
aceso.az,False,0.0,0,1,1
acesomed.az,True,98.78,13,258,7262
achar.az,True,64.41,24,181,5092
aci.az,True,6.99,2,17,201
acibadem.az,True,139.61,0,303,7718
acif.az,True,234.87,195,997,63681
acilanqapi.az,False,0.0,0,1,1
acino.az,True,114.46,9,288,9749
aciqsoz.az,True,31.69,65,106,2685
acm.az,True,6.94,0,16,183
acmedent.az,True,0.44,0,2,18
acmeprints.az,True,0.21,0,1,10
acmsgroup.az,True,19.27,0,43,558
acmtech.az,True,0.91,0,3,31
aco.az,True,115.69,0,251,5921
acolour.az,True,23.29,0,51,616
acom.az,True,78.5,3,183,3899
acon.az,True,348.43,93,1238,96154
acpd.az,True,11.73,0,26,315
acqib.az,True,8.64,21,25,453
acquadiparma.az,False,5.4,0,13,5
acs.az,True,35.33,66,118,3021
acsc.az,False,0.0,0,1,1
acservices.az,True,15.99,0,36,445
act.az,False,0.0,0,1,1
actavis.az,False,0.0,0,1,1
actif.az,True,75.74,1,170,3328
actiongroup.az,True,102.8,75,350,12691
active.az,True,598.12,484,3305,532897
activeflora.az,True,249.66,0,540,18196
activegroup.az,True,0.46,0,2,19
activepharma.az,True,0.0,0,1,9
activetours.az,False,0.0,0,1,1
actmood.az,True,133.74,12,346,11708
actual.az,False,0.0,0,1,1
acz.az,True,664.2,21,1828,241122
ada.az,True,9.14,0,21,219
adaacademy.az,True,143.65,8,357,12222
adaalumni.az,True,66.59,4,158,3694
adac.az,False,0.0,0,1,1
adacta.az,True,3.32,0,8,86
adactaconstruction.az,False,0.0,0,1,1
adaf.az,True,62.73,36,188,5641
adafund.az,True,62.73,60,205,6004
adainter.az,True,9.05,3,22,277
adalet.az,True,65.8,211,286,9033
adaline.az,True,23.65,22,66,1402
adam.az,False,0.0,0,1,1
adamas.az,True,12.37,0,28,333
adapter.az,False,0.0,0,1,1
adas.az,True,119.7,19,326,10920
adasoft.az,True,112.26,0,243,4898
adatv.az,True,59.45,60,194,5518
adauthik.az,True,94.31,54,302,9568
adb.az,True,3.77,0,9,100
adc.az,False,0.0,0,1,1
adcity.az,False,0.0,0,1,1
adco.az,True,119.38,19,325,12046
add.az,True,427.19,760,2741,346167
adda.az,True,138.06,6,336,11381
addado.az,True,1.33,1,4,43
addim.az,True,252.39,270,1171,93527
addio.az,True,7.94,0,18,176
addresstour.az,False,0.0,0,1,1
adeater.az,True,4.37,0,10,108
adec.az,False,0.0,0,1,1
adeco.az,True,52.75,5,127,2802
adekvat.az,True,86.58,125,330,12201
adel.az,True,11.62,0,26,298
adelacademy.az,True,15.74,2,37,477
adelauto.az,False,0.0,0,1,1
adelinsurance.az,False,0.0,0,1,1
adelshop.az,False,0.0,0,1,1
adeltravel.az,False,0.0,0,1,1
ademinshaat.az,True,44.07,52,140,3298
ademogullari.az,True,40.03,2,92,1537
ademsan.az,True,11.82,0,27,312
aden.az,True,263.62,366,1336,101185
adentta.az,True,279.76,184,1169,86063
adeo.az,False,0.0,0,1,1
ades.az,True,32.51,12,85,1783
adex.az,True,49.58,116,186,5665
adexoutdoor.az,False,0.0,0,1,1
adf.az,True,209.77,46,651,33031
adgo.az,True,226.65,15,599,29235
adgunu.az,True,87.75,44,271,9535
adhoc.az,True,0.16,0,1,10
adif.az,True,51.12,7,126,2646
adify.az,True,19.89,6,49,782
adigunlerdenbiri.az,True,19.12,4,46,693
adil.az,False,0.0,0,1,1
adilbabayev.az,False,134.82,20,369,737
adin.az,True,41.16,32,121,2637
adiona.az,True,1.82,0,5,53
adishop.az,True,153.86,237,689,35689
adit.az,True,487.73,5,1168,84557
adl.az,False,0.0,0,1,1
adlegem.az,True,182.68,26,518,22149
adler.az,True,59.29,0,129,2069
adli.az,True,3.75,0,9,98
adlion.az,True,75.99,23,213,6066
adlittle.az,False,0.0,0,1,1
admart.az,False,0.0,0,1,1
admedia.az,True,54.75,7,135,2943
admein.az,True,24.03,1,55,741
admin.az,True,7.43,0,17,164
admiral.az,False,0.0,0,1,1
admiuelmieserler.az,True,90.65,119,341,13943
adn.az,True,11.18,1,26,335
adnanoktar.az,True,243.87,0,528,16722
adolf.az,True,0.0,0,1,10
adoline.az,True,191.74,66,636,31369
adore.az,True,31.89,22,89,2061
adorebeauty.az,True,55.06,2,126,2495
adoregroup.az,True,0.0,0,1,9
adpoint.az,True,28.87,0,63,860
adprint.az,True,0.06,0,1,10
adproduction.az,False,0.11,0,1,1
adqoydu.az,True,197.03,259,903,55750
adr.az,True,37.2,3,87,1568
adroit.az,True,91.6,34,271,9248
ads.az,True,146.81,1,328,9998
adsa.az,True,30.84,33,91,2213
adsan.az,True,220.77,76,753,49158
adscreen.az,False,0.0,0,1,1
adsea.az,True,238.4,5,571,28216
adserver.az,True,4.65,1,11,138
adset.az,True,3.13,4,8,116
adsgarden.az,False,0.0,0,1,1
adsgoogle.az,True,1.56,0,4,43
adsgroup.az,True,65.5,63,216,6552
adsl.az,False,0.0,0,1,1
adsnerd.az,False,0.0,0,1,1
adsoft.az,True,236.87,77,809,52941
adsol.az,True,17.91,1,41,521
adt.az,True,114.57,75,390,15286
aduf.az,True,14.13,0,32,391
adv.az,True,348.71,93,1239,99920
adva.az,True,6.9,0,16,187
advance.az,True,56.23,76,192,6056
advanceacademy.az,False,0.0,0,1,1
advantech.az,True,103.75,11,266,8645
advent.az,True,59.04,50,187,4892
adventa.az,True,75.83,5,182,4659
adventist.az,False,0.0,0,1,1
adventuretours.az,True,97.69,7,241,6282
adver.az,True,18.33,37,56,1181
advert.az,True,1.19,0,4,37
advertime.az,True,21.91,33,65,1439
advertline.az,True,103.63,47,323,11208
advex.az,True,96.97,23,271,8717
advicehouse.az,True,22.44,1,51,751
advision.az,False,0.0,0,1,1
advocate.az,True,0.24,0,2,19
advocatus.az,True,0.23,0,2,18
adxd.az,True,31.09,67,104,2357
ady.az,True,112.98,55,362,13533
adyexpress.az,True,69.96,73,237,7465
adzone.az,True,68.5,6,167,3550
aec.az,True,49.51,32,146,3428
aed.az,True,0.07,0,1,9
aeec.az,True,21.89,0,48,590
aegbt.az,True,0.09,0,1,10
aegco.az,True,33.47,61,110,2429
aegroup.az,True,26.66,2,62,909
aem.az,True,34.33,28,99,2100
aem-elektron.az,True,427.67,332,2105,249076
aem-inshaat.az,True,27.28,0,60,742
aemelektron.az,True,427.67,7,1050,79022
aemgroup.az,True,62.62,9,158,3539
aen.az,True,5.01,0,12,122
aer.az,True,31.66,63,105,2437
aeratech.az,True,52.37,5,126,2856
aeratravel.az,True,75.95,8,189,4957
aerius.az,True,101.86,8,254,8040
aeroclima.az,True,50.71,59,165,4762
aeroexpress.az,True,10.14,4,25,357
aeroiod.az,True,4.93,0,12,136
aeroservice.az,True,1.58,1,5,57
aerospace.az,True,47.74,22,133,3109
aerosteel.az,True,21.54,57,70,1417
aerosure.az,True,0.98,0,3,28
aerotour.az,True,15.96,6,40,684
aerotravel.az,True,39.78,50,126,3291
aerounit.az,True,7.95,0,18,196
aerowatch.az,True,280.93,129,1075,79107
aes-aks.az,True,120.78,18,327,12600
aesculap.az,False,0.0,0,1,1
aeservis.az,True,41.34,139,162,4154
aesthesis.az,True,4.36,0,10,106
aesthesis-implants.az,True,4.36,0,10,99
aesthetic.az,True,48.31,0,105,1680
aesthetics.az,True,326.24,298,1556,138705
aeta.az,True,33.68,60,110,2946
aetei.az,True,24.33,36,73,1715
aeti.az,True,55.31,80,191,5022
aeunion.az,True,189.38,313,917,61446
aev.az,True,0.16,0,1,10
af-holding.az,True,23.46,75,81,1884
afadqurbanov.az,False,0.0,0,1,1
afamgroup.az,False,0.0,0,1,1
afaq.az,True,610.75,10,1547,163317
afaqmesud.az,True,15.47,64,52,1183
afb.az,True,98.32,182,410,17447
afbbank.az,False,88.19,0,191,196
afbi.az,True,12.54,2,30,435
afbia.az,True,3.23,0,8,83
afc.az,False,0.0,0,1,1
afcity.az,True,2.67,0,7,76
afconsulting.az,False,0.0,0,1,1
afefarm.az,True,50.49,14,133,3348
afetsafarova.az,True,29.86,17,81,1733
afex.az,True,7.91,0,18,181
afez.az,True,135.25,69,453,18592
afeza.az,True,135.25,69,453,20479
aff.az,True,5.92,0,14,139
affa.az,True,104.02,203,447,18913
affixcode.az,True,104.04,18,282,9511
afflelou.az,True,2.81,0,7,74
affprojectgroup.az,False,0.0,0,1,1
afgen.az,True,35.11,57,114,2824
afh.az,True,34.17,29,99,2225
afholding.az,True,23.46,75,81,1924
afhotel.az,True,9.56,6,24,379
afi.az,False,0.0,0,1,1
aficionado.az,True,14.58,7,37,607
afigroup.az,True,191.94,61,627,34245
afiia.az,False,0.0,0,1,1
afinance.az,True,0.6,0,2,18
afisha.az,True,0.74,0,3,31
afmotors.az,True,10.95,0,25,255
afmpro.az,True,15.38,15,42,696
afn.az,True,74.02,157,298,11075
afnrentacar.az,True,84.36,89,298,10526
aforrest.az,True,4.32,0,10,105
afra.az,False,0.0,0,1,1
afriso.az,True,387.05,16,1030,83341
afs.az,False,0.0,0,1,1
afteks.az,True,994.99,35,2946,517007
aftravel.az,True,230.53,72,777,50990
aftv.az,True,84.91,225,375,13481
ag-at.az,True,74.3,30,216,6307
ag-company.az,True,102.53,15,272,8189
agabala.az,True,127.38,14,335,11564
agabekov.az,True,39.03,4,93,1787
agac.az,True,4786.88,0,10341,4951939
agagroup.az,True,29.98,0,66,787
agah.az,True,399.47,498,2228,269267
agahgroup.az,True,26.97,51,86,1813
agahpanel.az,True,3.05,0,8,79
agalarovrealestate.az,False,0.0,0,1,1
agamusicgroup.az,False,9.37,3,23,15
aganatiq.az,True,85.13,0,185,3302
agappaq.az,True,16.28,4,39,632
agas.az,True,85.13,26,242,6749
agat.az,False,0.0,0,1,1
agat-r.az,True,0.79,0,3,28
agatexnika.az,False,0.0,0,1,1
agatgroup.az,True,79.44,49,250,7936
agayev.az,True,117.17,33,345,12084
agayevuc.az,True,111.27,4,263,7773
agazza.az,True,108.49,70,364,15112
agb.az,True,19.12,1,44,566
agbaylargroup.az,False,0.0,0,1,1
agciceyim.az,True,123.8,135,480,19694
agciyercerrahi.az,True,3.45,0,8,73
agco.az,True,1.36,0,4,43
agcompany.az,True,20.16,0,45,555
agconstruction.az,False,0.0,0,1,1
agconsulting.az,True,22.74,6,56,1021
agda.az,True,0.61,0,2,19
agdag.az,True,17.06,7,43,723
agdish.az,True,0.49,0,2,20
agec.az,True,2.39,1,6,63
agengineering.az,True,20.22,3,48,701
agentic.az,True,252.8,2,577,27089
agentim.az,True,1152.36,20,3151,659746
agentlik.az,True,41.86,27,120,2724
agento.az,True,94.19,33,277,8999
ages.az,False,0.0,0,1,1
agexpress.az,True,112.27,0,243,5127
agf.az,True,64.45,111,239,7759
agfinans.az,True,101.74,24,286,8763
aggl.az,False,0.0,0,1,1
aggreko.az,True,8.33,1,20,260
aggression.az,True,190.51,222,837,47847
agha.az,True,9.48,0,21,228
aghabala.az,True,150.98,59,490,24125
aghdamcityhotel.az,False,0.0,0,1,1
aghdamresidence.az,True,48.54,34,144,3629
agies.az,False,0.0,0,1,1
agilderyasi.az,True,45.56,1,102,1725
agilesolutions.az,True,26.15,53,84,1992
agillibala.az,True,143.77,133,555,26508
agilliev.az,True,190.74,108,701,35800
agillievim.az,True,51.23,27,147,3968
agillievler.az,False,0.0,0,1,1
aginet.az,False,0.0,0,1,1
aginvest.az,True,5.92,0,14,150
agip.az,True,0.1,0,1,10
agit.az,False,83.19,4,197,237
agl.az,True,85.49,12,221,6811
agma.az,True,118.78,152,474,22259
agna.az,True,4.88,0,12,135
agnona.az,True,156.04,97,560,24924
agora.az,True,291.38,47,907,60242
agp.az,True,220.71,10,560,26301
agpa.az,True,27.3,53,88,1994
agplast.az,True,0.1,0,1,10
agrar.az,True,229.56,186,962,70245
agrarco.az,True,910.31,21,2505,444395
agregator.az,True,7.73,10,21,355
agri.az,True,169.87,10,431,17890
agriasia.az,False,0.0,0,1,1
agribioeko.az,True,253.79,45,784,46109
agrico.az,False,0.0,0,1,1
agricola.az,True,171.59,134,663,32655
agricon.az,True,79.49,50,251,7683
agricult.az,True,5.0,0,12,125
agriculta.az,True,50.78,19,139,3222
agrilar.az,True,45.18,62,149,4072
agrispace.az,True,128.07,25,362,14592
agritex.az,True,65.22,40,198,5324
agro-exim.az,False,0.0,0,1,1
agro-insurance.az,True,80.0,1,179,3690
agro-invest.az,True,24.39,0,54,713
agro-lab.az,True,48.3,58,157,4283
agro-nom.az,True,1.13,0,3,30
agroaptek.az,False,0.0,0,1,1
agroart.az,True,53.46,1,120,2239
agrobirja.az,True,1.25,0,4,37
agrobook.az,True,15.99,0,36,407
agrochain.az,True,226.47,33,665,33994
agrochem.az,True,1.36,0,4,37
agrocompany.az,False,0.0,0,1,1
agrocool.az,True,0.0,0,1,10
agrodairy.az,True,22.44,49,71,1655
agrodata.az,True,37.76,2,87,1502
agrodetal.az,True,2.93,5,8,104
agrodev.az,True,35.81,1,81,1254
agrodevelopment.az,False,0.0,0,1,1
agrodrip.az,True,228.09,320,1111,71575
agroeconomics.az,True,42.74,22,119,2833
agroecotech.az,True,136.15,41,414,18253
agroelm.az,True,13.65,2,32,438
agrofert.az,True,116.51,76,398,15920
agroferta.az,False,0.0,0,1,1
agrofoodinvest.az,True,192.32,1,429,13776
agrofront.az,True,1.89,0,5,54
agrofrutas.az,False,0.0,0,1,1
agrogarden.az,True,160.88,58,520,24934
agrogate.az,True,166.61,50,525,23209
agrogt.az,False,0.0,0,1,1
agrogurama.az,True,2.89,0,7,69
agrohub.az,True,3.8,3,10,133
agroinfo.az,True,34.75,82,121,2998
agroinvestor.az,True,27.03,0,59,756
agroland.az,True,2.7,0,7,72
agrolid.az,True,1.32,0,4,37
agroline.az,False,0.0,0,1,1
agroma.az,True,1.11,0,3,29
agromach.az,True,209.41,6,508,20214
agromall.az,False,0.0,0,1,1
agroman.az,True,14.16,6,35,519
agromarket.az,True,202.45,131,778,48443
agromia.az,True,4.06,0,10,97
agromix.az,True,71.08,56,229,7218
agromotors.az,True,52.58,27,151,3760
agrone.az,False,0.0,0,1,1
agronetco.az,True,17.92,20,50,990
agroparkyalama.az,True,24.01,10,62,1214
agropartners.az,True,0.15,0,1,9
agroplatform.az,True,129.06,56,415,17548
agropolimer.az,False,0.0,0,1,1
agropower.az,True,19.47,7,49,779
agroprice.az,True,0.01,0,1,9
agroprojectionsconference.az,True,91.08,2,208,4907
agroprom.az,True,0.09,0,1,9
agroprotech.az,True,122.42,31,357,12200
agros.az,True,2.45,0,6,61
agroshop.az,False,0.0,0,1,1
agrosolutions.az,True,88.73,8,221,6106
agrospace.az,True,69.78,51,221,6449
agrosphere.az,False,0.0,0,1,1
agrosport.az,True,98.9,41,301,11152
agrostar.az,True,16.52,34,50,974
agrostore.az,True,0.19,0,1,9
agrosun.az,True,2.33,0,6,60
agrosunshine.az,True,41.89,72,142,3955
agrosystem.az,True,146.39,114,545,26342
agrosystems.az,True,15.9,29,47,931
agrotac.az,True,15.99,0,36,400
agrotam.az,True,72.72,74,247,7223
agrotech.az,True,99.24,12,257,7042
agrotechizatservis.az,True,0.17,0,1,10
agroten.az,True,90.33,4,214,5574
agroteso.az,True,2.61,0,7,64
agrotestlab.az,True,1.35,1,4,43
agrotex.az,True,147.76,95,528,24064
agrotourism.az,True,15.89,1,36,475
agrotradesupply.az,True,7.45,1,18,218
agrotransport.az,True,75.51,17,203,5149
agrounion.az,True,108.78,67,362,13996
agrovest.az,True,1.14,0,3,29
agrovetazerbaijan.az,True,235.55,120,887,57537
agrovip.az,False,0.0,0,1,1
agrowest.az,False,0.0,0,1,1
agrowestdc.az,True,208.97,89,736,40280
agrowestgroup.az,True,15.99,0,36,399
agrowestpro.az,True,39.61,67,132,3157
agrown.az,False,0.0,0,1,1
ags.az,True,132.49,7,326,11622
agsaqqallarsurasi.az,True,90.93,79,313,12276
agsc.az,True,33.27,9,84,1686
agsuaqropark.az,True,21.6,0,48,527
agta.az,True,67.79,96,243,7513
agtelecom.az,True,4.99,0,12,123
agtl.az,True,33.64,5,81,1390
agtop.az,True,397.75,98,1430,126824
agz.az,False,0.0,0,1,1
ahe.az,True,136.08,24,382,13427
ahec.az,True,156.61,6,381,13285
ahg.az,True,64.18,23,180,5225
ahgroup.az,True,0.11,0,1,9
ahh.az,False,0.0,0,1,1
ahha.az,False,0.0,0,1,1
ahikcrm.az,False,0.0,0,1,1
ahikplus.az,True,710.01,0,1535,116412
ahita.az,True,680.92,45,2102,263718
ahj.az,True,11.06,1,26,356
ahk.az,True,16.2,1,37,456
ahlibeyt.az,True,44.75,118,169,5049
ahmadoglu.az,True,29.6,17,80,1597
ahmadov.az,True,1.06,1,3,36
ahmadovgroup.az,False,0.0,0,1,1
ahmadtea.az,False,0.0,0,1,1
ahmetzade.az,True,57.5,18,156,4134
ahmib.az,False,0.0,0,1,1
ahmk.az,True,159.45,19,434,16214
ahnmmc.az,True,0.44,0,2,20
ahsan.az,False,0.0,0,1,1
ahsco.az,False,0.0,0,1,1
ahte.az,True,68.5,21,189,5573
ahttsa.az,False,51.68,36,155,203
ahuclinic.az,True,169.44,16,452,17889
aia.az,True,99.35,193,421,18916
aiab.az,True,6.31,7,16,258
aiacademy.az,True,189.39,21,522,23414
aib.az,True,5.58,5,14,202
aibusiness.az,False,0.0,0,1,1
aic.az,True,57.05,100,207,5833
aic-valve.az,True,98.72,32,289,10598
aico.az,False,0.0,0,1,1
aiconsulting.az,True,30.65,0,67,891
aicpa.az,True,1.56,0,4,40
aidacourses.az,False,0.0,0,1,1
aidagroup.az,True,11.08,2,26,380
aidareklam.az,True,10.47,2,25,327
aideco.az,False,0.0,0,1,1
aidesummit.az,True,143.06,27,408,17263
aidgroup.az,True,65.01,56,210,6601
aiditor.az,True,0.96,0,3,32
aidoctor.az,True,3.58,0,9,99
aids.az,True,150.26,50,473,22989
aidtravel.az,True,0.08,0,1,10
aied.az,True,0.01,0,1,9
aif.az,True,53.2,46,166,4181
aifdigital.az,False,0.0,0,1,1
aifteam.az,True,133.43,120,503,22237
aig.az,False,0.0,0,1,1
aiguru.az,False,0.0,0,1,1
aih.az,True,35.55,1,80,1240
aii.az,True,23.49,21,66,1381
aiic.az,False,33.97,35,102,114
aiif.az,True,105.47,64,348,14202
aiim.az,True,41.34,35,123,2870
aija.az,True,80.65,137,314,10954
aik.az,True,4.19,0,10,99
aiki.az,True,43.51,101,158,4739
aikido.az,False,0.0,0,1,1
aikikai.az,True,0.16,0,1,10
ail.az,True,9.14,0,21,229
ailab.az,True,121.83,0,264,6236
ailawyer.az,False,0.0,0,1,1
aile.az,True,0.0,0,1,10
ailebiskvit.az,True,3.9,1,10,119
ailehekimi.az,True,413.22,498,2304,248179
ailehekimiklinikasi.az,True,86.09,123,327,13003
ailemelectronics.az,True,90.44,114,337,13667
ailemiz.az,True,0.01,0,1,9
ailemnet.az,True,0.0,0,1,9
ailenet.az,True,309.54,1,690,31719
aileplanlanmasi.az,True,149.32,30,433,17942
aim.az,True,142.89,3,332,10808
aimarket.az,True,49.1,2,113,2220
aiminshaat.az,True,72.09,0,157,2679
aims.az,True,22.39,0,49,598
ain.az,True,225.99,139,881,57772
aip.az,True,9.14,0,21,229
air.az,False,0.0,0,1,1
air-tech.az,True,16.64,6,41,667
aira.az,True,58.82,48,185,5629
airaz.az,True,0.61,0,2,19
airbnb.az,True,552.02,7,1355,136576
aircargo.az,True,212.48,41,646,34613
aircenter.az,True,118.86,6,289,8171
aircharterservice.az,False,71.46,103,261,405
airdesignstudio.az,True,76.01,74,258,9162
airdrops.az,True,185.82,97,667,39254
airenergy.az,True,7.56,0,17,198
airfrance.az,False,658.11,26,1864,10818
airglop.az,False,0.0,0,1,1
airgroup.az,False,0.0,0,1,1
airmark.az,False,0.0,0,1,1
airmedia.az,False,0.0,0,1,1
airmiles.az,True,51.47,204,222,7298
airo.az,True,2.19,0,6,65
airport.az,True,23.18,34,69,1514
airporttransfer.az,True,193.21,73,653,34661
airproducts.az,True,73.53,226,325,11180
airswift-aztechno.az,True,40.32,41,123,3084
airticket.az,True,22.59,1,51,768
airtransfer.az,True,318.21,9,798,51495
airtravel.az,True,71.21,110,263,9029
airtrips.az,True,0.07,0,1,10
airvent.az,True,410.62,266,1896,223172
airvision.az,False,0.0,0,1,1
ais.az,False,0.0,0,1,1
aisa.az,True,65.96,88,232,6875
aisamail.az,False,0.0,0,1,1
aisco.az,True,846.82,573,4941,1037470
aishatrading.az,True,0.0,0,1,10
aisoft.az,True,10.42,1,24,289
aisol.az,False,0.0,0,1,1
aiss.az,True,0.67,0,2,21
aissgroup.az,True,0.67,0,2,18
aist.az,True,54.24,1,122,2324
aita.az,False,0.0,0,1,1
aitech.az,True,37.56,30,110,2640
aitechnology.az,True,14.96,1,34,413
aitest.az,True,23.16,3,55,838
aitf.az,True,0.06,0,1,10
aitm.az,True,38.59,28,111,2615
aito-auto.az,True,10.01,0,23,236
aitools.az,True,66.88,4,159,3782
aitrade.az,True,160.9,54,514,25967
aittravel.az,True,129.92,38,391,17071
aiut.az,True,655.98,6,1591,158481
aiv.az,True,9.14,0,21,246
aiwa.az,True,20.29,4,49,713
aix.az,True,3.96,1,10,129
aizerbaijan.az,False,0.0,0,1,1
ajaa.az,True,36.97,65,123,2934
ajamiconstruction.az,False,0.0,0,1,1
ajanc.az,True,34.15,69,115,2985
ajanda.az,True,116.68,34,345,12411
ajans.az,True,96.32,130,370,13114
ajansmedia.az,True,9.42,0,21,220
ajastech.az,True,2.7,0,7,66
ajax.az,True,1049.46,26,2972,606449
ajaxsystems.az,True,1049.46,26,2972,517046
ajb.az,True,12.69,0,28,312
ajc.az,True,0.61,0,2,19
ajdaha.az,False,0.0,0,1,1
ajet.az,False,9.4,0,21,10
ajim.az,True,37.97,76,130,3074
ajn.az,True,16.15,41,50,946
ajnm.az,True,12.58,0,28,287
ajosteel.az,False,0.0,0,1,1
ajp.az,True,30.25,43,94,2076
ajph.az,True,28.94,43,90,2058
ak-neticem.az,True,5.69,1,14,177
aka.az,True,119.73,7,295,8811
akabe.az,True,0.6,0,2,21
akaco.az,True,49.85,2,115,2028
akacompany.az,False,0.0,0,1,1
akademiya.az,True,23.13,8,58,1123
akadgroup.az,True,1.69,0,5,48
akaf.az,True,3.9,0,9,99
akagroup.az,True,0.16,0,1,10
akare.az,True,223.59,82,774,44678
akart.az,True,82.91,49,261,9274
akb.az,True,68.76,0,150,2295
akba.az,True,3.22,0,8,74
akbaba.az,True,64.95,74,221,6365
akbagro.az,True,776.67,14,2036,300221
akbarov.az,False,0.0,0,1,1
akbis.az,True,241.03,9,605,30930
akc.az,True,65.05,49,205,5771
akc-line.az,True,48.34,7,120,2717
akcinshaat.az,True,140.1,19,381,15681
akdanis.az,True,7.44,1,18,221
akf.az,True,54.14,35,161,4186
akfaelektrik.az,True,216.53,89,763,48345
akfinance.az,True,0.06,0,1,9
akg.az,True,58.97,0,128,2142
akgaya.az,True,189.14,51,598,33218
akha.az,True,3.92,1,10,106
akhundoff.az,False,0.0,0,1,1
akhundoffgroup.az,True,13.52,2,32,442
akhundov.az,False,0.0,0,1,1
aki.az,True,134.02,211,581,29880
akiab.az,True,741.5,202,3174,542123
akiel.az,True,23.71,30,70,1514
akim.az,True,3.99,0,10,109
akinsoft.az,True,10.14,1,24,274
akinvestment.az,True,0.39,0,2,21
akistechnologies.az,True,0.61,0,2,20
akj.az,True,9.94,16,27,419
akk.az,True,21.61,0,48,539
akkik.az,True,46.95,71,159,4033
akkirazinteriors.az,False,0.0,0,1,1
akkord.az,True,18.93,55,62,1342
akkordlar.az,True,58.67,77,201,6450
akkumulyator.az,False,0.0,0,1,1
akkur.az,True,277.02,106,1014,78436
aklass.az,True,51.15,24,144,3321
akm.az,True,1200.47,77,4098,1016059
akne.az,True,17.09,0,38,447
aknews.az,True,92.29,128,353,12985
akond.az,True,1.79,0,5,50
akpack.az,True,32.17,3,76,1407
akpiping.az,True,9.55,8,25,423
akripol.az,True,17.75,26,51,943
aksenthotel.az,True,33.54,7,83,1427
aksept.az,True,41.95,1,94,1609
aksinshaat.az,False,0.0,0,1,1
aksion.az,False,0.0,0,1,1
akta.az,True,86.91,89,307,11521
aktasplastik.az,True,48.87,34,145,3918
aktiv.az,True,220.0,459,1196,82650
aktivenerji.az,True,28.14,10,72,1460
aktm.az,True,9.88,8,26,393
aktor.az,True,399.76,215,1741,177961
aktrisa.az,True,199.05,7,489,20000
aktual.az,True,67.68,104,247,8432
aktualacademy.az,True,82.84,39,250,7438
aktualinfo.az,True,135.54,135,525,24053
aktualtv.az,True,183.08,142,717,38811
aktualxeber.az,True,85.08,137,331,12440
aktyor.az,True,160.21,33,471,19631
akul.az,True,80.3,2,184,3879
akula.az,True,111.95,27,320,11903
akumlyator.az,True,28.56,69,96,2380
akuprofi.az,True,0.72,0,3,28
akustika.az,True,135.77,299,649,32406
akustore.az,True,327.17,663,2004,197064
akuvox.az,True,1673.84,91,5917,2141620
akvapura.az,True,25.71,1,58,847
akvarium.az,True,32.15,15,86,1686
akvaterm.az,True,0.79,0,3,30
akvengroup.az,True,29.44,47,93,1966
akzonobel.az,True,0.19,0,1,10
al-ibrahim.az,True,0.61,0,2,19
al-import.az,True,38.04,29,110,2681
ala.az,True,0.0,0,1,10
alaca.az,True,1016.17,35,3009,567685
alacartetravel.az,False,0.0,0,1,1
alachiq.az,False,0.0,0,1,1
alachiqgroup.az,True,49.89,52,159,4426
aladdin.az,False,0.0,0,1,1
aladdinfilm.az,False,0.0,0,1,1
aladdinthefilm.az,False,0.0,0,1,1
alainafflelou.az,True,2.81,0,7,67
alakbar.az,True,0.2,0,1,10
alan.az,True,62.21,168,255,8535
alapar.az,True,5.22,1,13,153
alarko.az,True,0.25,0,2,20
alarkostore.az,True,72.55,99,262,8437
alarna.az,True,37.79,44,117,2654
alasgarov.az,False,0.0,0,1,1
alat.az,True,172.76,294,821,46476
alatech.az,True,0.61,0,2,21
alatlogisticscenter.az,True,15.72,7,40,635
alatshpal.az,True,58.42,12,152,3512
alazdefence.az,True,1.45,2,4,47
alba.az,True,405.49,21,1116,82777
albacake.az,True,1.86,0,5,53
albacakes.az,True,192.61,21,531,27059
albagroup.az,False,0.0,0,1,1
albahotel.az,True,33.39,40,102,2445
albali.az,True,121.6,97,437,20218
albanproject.az,True,0.79,0,3,31
albany.az,True,87.0,0,189,3579
albanyolu.az,False,0.0,0,1,1
albatech.az,False,0.0,0,1,1
albatros.az,True,0.0,0,1,9
albatrosdesign.az,True,140.42,12,363,13490
albedo.az,False,0.0,0,1,1
albertgenau.az,True,28.67,66,96,2430
albilet.az,True,51.2,18,139,3635
albir.az,False,0.0,0,1,1
albom.az,False,0.0,0,1,1
albot.az,False,0.0,0,1,1
albuhara.az,True,0.79,0,3,27
alburgsolutions.az,False,0.0,0,1,1
alc.az,True,52.39,2,120,2051
alcas.az,True,42.21,99,153,3973
alchemy.az,False,0.11,0,1,1
alciceyim.az,False,0.0,0,1,1
alcipan.az,True,0.44,0,2,19
alco.az,True,509.27,186,2134,285784
alcodrive.az,True,101.72,0,221,4160
alcohall.az,True,30.75,15,82,1577
alcoplas.az,False,0.0,0,1,1
alcopoint.az,True,4.67,0,11,110
alcott.az,True,0.08,0,1,9
ald.az,True,0.16,0,1,9
aldara.az,True,29.25,2,68,988
alde.az,True,20.11,0,44,547
alee.az,True,9.08,0,21,216
alekberli.az,False,0.0,0,1,1
alekberov.az,True,569.37,18,1537,173120
aleks.az,True,88.0,42,269,9679
aleksandrit.az,True,197.55,15,523,25940
alev.az,True,18.56,5,45,778
aleveledu.az,True,17.05,9,44,792
alevs.az,True,112.26,0,243,5481
alexandermcqueen.az,True,311.28,23,868,62710
alexexpress.az,True,43.2,3,101,1702
alextest.az,True,351.83,20,963,74576
aleztravel.az,True,37.25,36,112,2812
alfa-audit.az,True,60.32,36,180,4545
alfa-groups.az,True,44.07,26,126,3019
alfa-laval.az,True,40.97,21,114,2530
alfa-n.az,True,0.09,0,1,10
alfa-r.az,True,2.46,0,6,60
alfa-ss.az,True,212.48,24,596,32216
alfaaesthetics.az,True,432.72,28,1239,103646
alfabit.az,False,0.0,0,1,1
alfacin.az,True,353.41,173,1454,144690
alfacredit.az,True,40.1,0,88,1319
alfafood.az,False,0.0,0,1,1
alfagen.az,True,95.94,10,244,6639
alfagroup.az,True,30.3,13,80,1557
alfaimtahanmarkazi.az,True,7.64,2,18,243
alfainsaat.az,True,55.16,45,171,4868
alfalaval.az,True,40.97,21,114,2459
alfalogistic.az,True,27.52,52,88,1950
alfamax.az,True,7.42,0,17,165
alfamebel.az,True,73.19,106,269,9524
alfamotors.az,True,10.47,0,24,260
alfanet.az,True,67.63,20,186,5011
alfaoffice.az,True,0.82,0,3,28
alfaparf.az,True,94.06,0,204,4060
alfaprint.az,True,31.04,62,102,2461
alfareslogistics.az,False,0.0,0,1,1
alfaromeo.az,False,0.0,0,1,1
alfaromeoracing.az,True,0.07,0,1,9
alfaromeoracingsince1910.az,True,0.08,0,1,10
alfaromeotonale.az,True,70.22,36,210,6486
alfasecret.az,True,158.85,78,545,24917
alfaservis.az,True,2.66,1,7,74
alfasoft.az,True,0.03,0,1,10
alfaspirt.az,True,0.8,0,3,32
alfastore.az,True,467.43,342,2321,288223
alfatech.az,True,16.89,1,39,534
alfatelecom.az,True,39.55,37,119,2714
alfatonale.az,True,70.22,36,210,5948
alfatravelagency.az,True,15.99,0,36,417
alfavekil.az,True,204.45,2,467,18723
alfavet.az,True,112.11,7,276,8657
alfavitgroup.az,True,30.36,2,70,1018
algasupply.az,True,1.81,0,5,45
algigroup.az,True,0.61,0,2,19
algo.az,False,4.02,0,10,5
algoazerbaijan.az,True,57.49,39,174,5192
algolab.az,True,1.62,1,5,61
algoprojects.az,True,184.75,12,477,19720
algoritma.az,True,621.1,9,1557,158242
algoritmika.az,False,0.0,0,1,1
algroup.az,True,239.76,197,1020,70675
algroupllc.az,True,27.55,24,78,1698
alhadi.az,True,77.47,121,293,9333
alhambra.az,True,644.98,385,3318,547144
alialiyev.az,False,0.0,0,1,1
alianzamedia.az,True,23.2,0,51,651
alias.az,True,25.99,27,75,1463
aliaslan.az,True,0.19,0,1,10
aliavto.az,True,0.89,0,3,30
alibi.az,True,10.93,44,35,708
alican.az,True,395.09,180,1642,163397
alici.az,True,0.57,0,2,19
alif.az,True,1.33,1,4,45
alifba.az,False,0.0,0,1,1
aliildirimoglu.az,True,39.05,2,90,1603
aliinino.az,False,0.0,0,1,1
alikhayyam.az,True,0.67,0,2,19
alili.az,True,53.2,10,136,2940
aliment.az,True,0.16,0,1,10
alimlerevi.az,False,0.0,0,1,1
alimoff.az,True,16.23,31,48,892
alimok.az,True,77.76,34,230,7377
alimotors.az,True,315.06,0,682,25576
aline.az,True,26.8,37,81,1642
alinino.az,True,859.06,1462,6976,1625188
alioglu.az,True,368.04,21,1013,70948
alioglumedia.az,True,45.21,112,168,5092
aliogluterminal.az,True,4.58,0,11,109
aliram.az,False,0.0,0,1,1
aliservices.az,True,22.99,32,68,1297
alisolutions.az,True,4.38,3,11,137
alison.az,True,4.93,0,12,120
alisonparts.az,True,19.64,0,43,480
alisoy.az,True,110.33,108,406,15400
alito.az,True,1800.2,59,5832,1974658
alixpartners.az,False,83.7,32,245,377
aliyevhasan.az,True,110.22,61,360,13965
aliyevmotorscompany.az,True,165.68,7,407,14414
aliza.az,True,195.12,4,461,19160
alizada.az,True,30.74,55,99,2506
alizade.az,True,91.81,3,214,5245
alizadeh.az,False,0.0,0,1,1
alizgroup.az,True,1.66,0,5,49
alka.az,False,0.0,0,1,1
alkan.az,True,9.58,23,28,501
alkngroup.az,True,0.98,0,3,31
alko.az,False,0.0,0,1,1
alko-garden.az,False,0.0,0,1,1
alkotester.az,True,209.74,14,550,24624
alkredit.az,True,111.26,53,354,12313
all-safazz.az,True,9.99,3,24,316
all-trips.az,True,2.36,1,6,74
all4it.az,True,60.96,75,208,6616
all5.az,True,167.48,12,433,15992
allallfinance.az,True,14.82,4,36,597
allbazar.az,True,0.12,0,1,10
allbreeze.az,False,0.0,0,1,1
allbuy.az,True,139.31,25,393,13992
allcare.az,True,1.98,2,6,66
allconstruction.az,False,0.0,0,1,1
alldc.az,True,24.92,1,56,771
alldoors.az,False,0.0,0,1,1
allergika.az,True,385.4,0,833,37557
allergiya.az,True,105.59,24,297,10810
allergiyamerkezi.az,True,271.17,68,904,60186
allesagro.az,True,1.93,0,5,52
allevents.az,True,0.81,0,3,32
allfinance.az,True,1.83,0,5,47
allfit.az,True,19.18,43,60,1259
allfood.az,True,0.01,0,1,10
allgen.az,False,9.23,0,21,11
allget.az,False,0.0,0,1,1
alli.az,True,2.06,0,5,49
alliance-assist.az,True,35.06,0,77,936
alliance-st.az,False,0.0,0,1,1
alliance13.az,True,268.11,58,867,57619
allianceclinic.az,True,160.97,129,617,31198
allianceengineering.az,True,16.73,42,52,1007
allianceoffice.az,True,144.79,74,491,22126
alliancepharma.az,True,156.47,182,653,33617
allianceprint.az,False,0.0,0,1,1
allianzconsult.az,True,179.17,46,556,27578
allied.az,True,117.63,10,299,9749
allieduniversal.az,True,17.61,12,46,886
allin.az,True,27.2,0,60,770
allingroup.az,True,93.13,1,208,4130
allinone.az,True,74.01,47,231,7495
allinone-supply.az,False,0.0,0,1,1
allinus.az,True,31.08,36,93,2059
allmas.az,False,0.0,0,1,1
allmed.az,True,0.67,0,2,18
allmedical.az,False,0.0,0,1,1
alloil.az,True,77.51,43,238,7286
allplast.az,True,112.79,35,335,12088
allprint.az,True,31.44,1,71,1008
allpromo.az,True,31.44,0,69,940
allsafe.az,True,181.21,147,716,37238
allsat.az,True,155.76,22,432,17925
allservice.az,False,0.0,0,1,1
allsides.az,False,0.0,0,1,1
allsmart.az,True,199.98,16,533,23191
allsoft.az,True,0.71,0,3,28
allsport.az,True,248.05,498,1384,109530
allstar.az,True,184.62,206,795,46709
alltaxes.az,True,36.72,17,99,2166
alltechsolutions.az,False,0.0,0,1,1
alltegritygroup.az,True,631.03,28,1807,216384
alltravel.az,False,0.0,0,1,1
alltrips.az,False,0.0,0,1,1
allturko.az,True,0.4,0,2,19
allunvanbaku.az,True,70.96,2,163,3731
allver.az,True,53.86,18,146,3537
almabagi.az,True,544.84,10,1380,134926
almace.az,True,0.44,0,2,21
almahdi.az,True,96.35,74,327,11183
almal.az,False,1354.12,601,8025,128669
almali.az,True,383.84,542,2200,226284
almaltd.az,True,0.0,0,1,9
almanapteki.az,True,109.96,12,284,9572
almanayaqsagligi.az,True,814.11,0,1759,152049
almandili.az,True,53.8,0,117,1850
almandilim.az,True,79.12,28,227,6277
almanyadaniste.az,True,1.62,0,4,37
almarket.az,True,47.34,57,153,4458
almaservice.az,True,4.84,0,11,116
almastore.az,True,963.64,155,3854,855802
almaterial.az,False,0.0,0,1,1
almaz.az,True,4.18,0,10,114
almazovu.az,True,2.09,0,6,56
almazpark.az,True,5.12,6,13,203
almed.az,True,8.89,2,21,252
almep.az,True,254.14,92,901,56596
almet.az,True,141.32,58,457,19042
almetbaku.az,True,10.64,1,25,306
almi.az,True,325.04,16,866,56200
almident.az,True,177.48,45,549,25188
almir.az,False,0.0,0,1,1
almond.az,True,0.1,0,1,10
almondpark.az,True,11.32,2,27,350
alnarcis.az,True,275.64,205,1185,99523
alneo.az,True,0.26,0,2,21
alnets.az,False,0.0,0,1,1
alnira.az,True,180.53,14,474,21688
alo.az,False,0.0,0,1,1
alo-hekim.az,False,0.0,0,1,1
alochat.az,False,0.0,0,1,1
alocilinger.az,False,0.0,0,1,1
alodaye.az,True,104.51,14,275,8451
alodoktor.az,True,0.02,0,1,10
alodrive.az,True,101.72,17,274,8624
aloe.az,True,401.54,54,1281,122585
aloeapp.az,False,0.0,0,1,1
aloestate.az,False,0.0,0,1,1
alof.az,True,94.25,2,216,5184
alohaworld.az,True,3.52,0,9,94
alohekim.az,False,0.0,0,1,1
alokredit.az,True,7.44,1,18,198
alokuryer.az,True,0.57,0,2,19
alomaster.az,True,182.67,53,581,27673
aloprint.az,True,352.39,355,1770,167047
alotaksi.az,True,86.27,54,276,8956
alotaxi.az,False,0.0,0,1,1
alotvshop.az,True,4.09,0,10,95
alov.az,True,18.88,24,54,1133
alovdigital.az,False,0.0,0,1,1
alovinsaat.az,True,20.09,38,61,1321
alovlab.az,True,91.23,8,227,6285
alovservis.az,False,0.0,0,1,1
alovtravel.az,True,260.39,60,847,59820
alow.az,True,35.36,4,84,1500
alp.az,True,170.1,217,743,41149
alp2010.az,True,73.12,83,254,7896
alp2020.az,True,175.27,126,668,35615
alpa.az,False,43.64,39,132,179
alpagut.az,True,143.64,5,345,11497
alpan.az,True,44.65,56,144,3681
alpangroup.az,False,0.0,0,1,1
alpara.az,True,29.97,4,72,1172
alpengold.az,True,897.15,227,3963,809868
alpenpharma.az,True,87.63,72,296,9374
alpenta.az,True,219.65,0,475,14683
alperproject.az,False,0.0,0,1,1
alpexgroup.az,False,0.0,0,1,1
alpha.az,True,83.39,23,233,6376
alpha-enc.az,False,0.0,0,1,1
alpha-omega.az,True,30.84,29,90,1783
alphachem.az,True,566.12,49,1774,206666
alphachemicals.az,True,15.99,0,36,413
alphacon.az,False,0.0,0,1,1
alphafin.az,True,87.77,9,221,6649
alphagroup.az,True,1.33,1,4,42
alphamedia.az,True,84.72,89,299,10976
alphaomega.az,False,0.0,0,1,1
alphard.az,False,0.0,0,1,1
alphaskin.az,True,194.83,181,811,52357
alphasoft.az,True,5.17,0,12,131
alphawood.az,True,0.05,0,1,9
alphazetta.az,True,158.9,59,516,25432
alphior.az,True,617.15,58,1994,263519
alpigroup.az,False,0.0,0,1,1
alpimobile.az,True,33.11,48,104,2602
alpineoil.az,True,74.69,2,171,3575
alpinist.az,True,253.87,11,649,36019
alpinistbaku.az,True,126.4,4,299,9625
alpinizm.az,True,26.15,39,80,1856
alplast.az,True,8.33,0,19,208
alplaw.az,True,24.31,1,55,808
alprof.az,True,189.0,5,453,16914
alpsacademy.az,False,0.0,0,1,1
alpsnack.az,False,0.0,0,1,1
alpyayinlari.az,False,0.0,0,1,1
alq.az,True,135.92,51,430,17851
alqisatqi.az,True,7.18,0,17,164
alqoritm.az,True,16.01,0,36,427
als.az,True,53.46,0,116,1826
alservices.az,True,74.57,32,219,6266
alsglobal.az,True,7.85,1,18,236
alsionacompany.az,True,0.24,0,2,21
alspheragroup.az,True,3.35,0,8,78
alsu.az,True,3.03,0,8,87
altaco.az,True,28.69,89,102,2536
altair.az,True,90.17,138,351,13583
altangroup.az,True,0.16,0,1,9
altaykimya.az,False,0.0,0,1,1
altaysel.az,True,621.13,6,1506,138824
altec.az,True,0.44,0,2,20
altech.az,True,29.86,103,109,2817
altek.az,True,40.47,25,115,2568
alten.az,True,19.43,0,43,522
alten-group.az,False,0.0,0,1,1
altent.az,True,47.57,38,144,3640
alternative.az,False,0.0,0,1,1
alternativtv.az,True,0.0,0,1,9
altesconstruction.az,True,36.67,54,118,2838
altez.az,True,95.41,194,405,16727
altimod.az,True,552.85,184,2310,323598
altin.az,False,185.66,0,402,540
altinemlak.az,True,836.08,132,3216,636130
altis.az,True,112.89,1,252,5616
altoprint.az,True,813.4,0,1758,156975
altotravel.az,True,4.01,1,10,123
altour.az,True,4.95,0,12,118
altravel.az,False,0.0,0,1,1
altrix.az,True,62.93,4,149,3284
altro.az,False,0.0,0,1,1
altromondo.az,True,41.46,0,91,1189
altron.az,True,75.74,1,170,3356
altsgroup.az,True,180.79,12,467,20708
altunkabel.az,True,65.28,0,142,2341
altunkitab.az,True,60.67,92,216,6175
altunlay.az,True,104.1,36,311,11296
altura.az,True,6.13,0,14,155
alturan.az,True,15.99,0,36,436
altus-elektrik.az,True,417.47,12,1077,78718
altus-group.az,True,254.14,15,672,38633
altust.az,False,0.0,0,1,1
aluco.az,False,0.0,0,1,1
alucobond.az,False,0.0,0,1,1
alucon.az,True,142.29,62,466,21011
alufar.az,False,0.0,0,1,1
alumex.az,True,344.04,7,845,49899
alumil.az,False,0.0,0,1,1
alumin.az,True,16.8,23,48,984
alumni.az,True,19.85,0,44,564
alumpro.az,True,1.83,0,5,54
aluplast.az,False,0.0,0,1,1
aluprof.az,True,258.29,0,559,18555
alutechbaku.az,True,39.16,42,120,2834
aluwood.az,True,52.32,26,149,3510
aluxtravel.az,True,382.37,306,1838,191949
alvan.az,True,0.53,0,2,20
alver.az,True,72.53,2,166,3602
alvery.az,True,2.1,0,6,63
alvetro.az,True,151.76,96,544,28058
alvina.az,True,38.49,51,122,2858
alvofurniture.az,True,82.73,4,196,5183
always.az,True,99.21,38,299,9310
alyalina.az,True,142.77,35,424,17068
alyans.az,False,0.0,0,1,1
alyansgroup.az,False,0.0,0,1,1
alyanskredit.az,True,15.65,0,35,374
alyansqrup.az,True,24.13,1,55,736
alyanssupply.az,True,71.35,12,185,4801
alyanstrade.az,True,5.17,17,15,236
alyanstrio.az,True,49.91,15,133,2848
alzaexpress.az,False,0.0,0,1,1
alzafish.az,True,104.26,0,226,4390
alzaholding.az,True,1.11,0,3,29
alzone.az,True,470.92,292,2233,289322
ama.az,False,0.0,0,1,1
amada.az,True,11.76,41,37,750
amade.az,True,32.12,51,102,2278
amadeus.az,True,1.01,0,3,31
amail.az,True,10.18,10,27,400
amaj.az,True,69.51,10,177,4389
amak.az,True,36.7,48,115,2584
amal.az,True,69.91,50,221,6711
amalgroup.az,True,37.6,31,110,2323
amamedical.az,True,91.62,47,286,9572
amapola.az,True,40.19,42,124,3217
amark.az,False,0.0,0,1,1
amart.az,True,1.36,0,4,37
amartizatortemiri.az,False,0.0,0,1,1
amasiyalilar.az,False,0.0,0,1,1
amass.az,True,32.18,41,99,2214
amaze.az,True,188.73,6,458,19816
amazingholidays.az,False,0.0,0,1,1
amazon.az,True,840.52,103,3053,583376
amazonbaku.az,True,1262.07,0,2727,369693
amazoncomp.az,False,0.0,0,1,1
amazone.az,False,0.0,0,1,1
amazoneconstruction.az,False,0.0,0,1,1
amazongo.az,False,252.66,60,822,2747
amazonlingerie.az,True,1262.07,0,2727,349549
amazontravel.az,True,205.15,103,746,43449
amazontravelclub.az,True,205.15,53,653,32912
amazonvideo.az,False,1278.25,118,4789,65886
ambersky.az,False,0.0,0,1,1
ambkredit.az,True,92.25,39,279,9596
ambretta.az,True,6.31,1,15,163
ambulance.az,True,66.29,9,167,3872
amburanbeachclub.az,False,0.0,0,1,1
amburanmall.az,True,6.4,35,20,355
amcham.az,True,299.56,229,1327,108395
amdtelecom.az,True,138.31,130,531,27035
amea-baku-hotel.az,True,37.33,35,112,2407
amea-tsz.az,True,105.96,12,274,7754
ameagb.az,True,101.14,351,507,20842
ameahemkarlar.az,True,17.52,38,54,1127
ameaytp.az,True,29.04,0,64,823
ameco.az,True,740.12,17,1984,271306
amedical.az,True,95.18,36,284,10299
amema.az,True,79.95,38,241,7019
amen.az,True,0.77,0,3,27
america.az,True,9.7,0,22,241
americanairlines.az,False,0.0,0,1,1
americanauto.az,True,10.42,1,24,277
amerikadanal.az,False,0.0,0,1,1
amerikanka.az,True,0.57,0,2,20
amf.az,True,245.44,207,1058,72026
amfa.az,True,42.58,2,98,1552
amfgroup.az,True,7.44,1,18,236
amicc.az,True,110.37,140,431,18469
amidtv.az,True,189.66,328,931,58226
amin.az,True,46.79,2,108,1815
amina.az,True,189.91,188,799,51625
amina-azif.az,True,1.71,0,5,52
aminadesign.az,False,0.0,0,1,1
aminatour.az,True,34.56,5,84,1615
aminmarketinq.az,True,130.4,5,313,9838
aminol.az,True,63.98,88,226,6543
amintransport.az,False,0.0,0,1,1
amip.az,False,138.08,137,537,1333
amiroff.az,True,292.26,194,1239,100611
amk.az,False,0.0,0,1,1
aml.az,True,2.16,0,6,59
amlak.az,True,96.5,40,293,9826
amm.az,True,205.46,0,445,12632
amma.az,True,9.15,0,21,230
ammar.az,True,0.61,0,2,18
ammi.az,True,0.66,0,2,18
ammib.az,True,74.71,35,222,6466
ammk-sports.az,True,20.15,3,48,809
amn.az,True,76.82,15,204,5055
amo.az,True,23.78,19,66,1383
amodo.az,False,0.0,0,1,1
amofresh.az,True,6.69,0,15,172
amogro.az,False,0.11,0,1,1
amogroup.az,True,15.93,30,47,925
amonix.az,False,0.0,0,1,1
amor.az,False,0.0,0,1,1
amorfati.az,True,29.64,0,65,809
amoria.az,True,109.11,54,349,13556
amoris.az,False,0.0,0,1,1
amorisbaku.az,True,490.16,15,1295,118209
amper.az,True,197.02,436,1054,76120
amperelektrik.az,True,2.03,0,5,47
amperelektron.az,False,0.0,0,1,1
amperenergy.az,False,0.0,0,1,1
ampli5.az,True,2969.64,128,11337,7524830
ampula.az,True,98.17,47,306,10180
amr.az,True,27.03,0,59,754
amrop.az,True,31.08,66,104,2705
ams.az,True,344.33,489,1909,193606
amslube.az,False,0.0,0,1,1
amt.az,True,0.61,0,2,19
amta.az,True,3.05,0,8,83
amuchild.az,True,0.24,0,2,19
amuk.az,True,73.63,10,187,4831
amusement.az,True,17.19,32,51,1046
amvsoftlab.az,False,0.0,0,1,1
amw.az,True,810.38,32,2367,376909
amz.az,True,0.81,0,3,29
an-group.az,True,21.76,1,49,745
anabala.az,True,131.04,311,633,30994
anadolia.az,True,76.04,1,170,3106
anadolu.az,True,72.23,47,226,6680
anadoluevents.az,True,54.54,1,122,2131
anadolujet.az,False,9.4,0,21,10
anadolumedicalcenter.az,True,252.89,42,772,50560
anagro.az,False,0.0,0,1,1
anaib.az,True,54.41,43,168,4592
analar.az,True,121.25,220,532,23586
anamedia.az,False,0.0,0,1,1
ananas.az,False,0.0,0,1,1
anar.az,True,5.94,0,14,149
anarim.az,True,7.32,40,23,415
anart.az,True,0.61,0,2,21
anartdesign.az,True,872.13,17,2337,334626
anas.az,False,0.0,0,1,1
anatomiya.az,False,0.0,0,1,1
anayam.az,True,0.21,0,1,9
anaymmc.az,True,0.02,0,1,9
anb.az,True,35.16,43,109,2430
anbar.az,True,0.0,0,1,9
ancgroup.az,False,0.0,0,1,1
ancoraresidence.az,True,210.48,116,786,44863
andersen.az,False,0.0,0,1,1
andersenlab.az,True,463.66,1,1033,71614
andop.az,True,150.83,238,676,37503
andrewsties.az,False,0.0,0,1,1
andritz.az,True,144.23,140,563,27671
andrologiya.az,True,70.53,117,265,9313
androloq.az,True,61.54,57,199,5315
andromed.az,True,60.54,29,175,5146
anea.az,True,49.28,48,155,4467
anews.az,True,109.52,121,414,17891
anextour.az,True,545.69,45,1685,190741
ang.az,True,4.86,0,11,113
angelini.az,True,0.77,0,3,28
angelinipharma.az,True,0.79,0,3,28
angelinvestor.az,True,129.64,13,338,12034
angellips.az,True,7.44,1,18,234
angelstravel.az,True,75.74,1,170,3243
angeltravel.az,True,0.01,0,1,10
anggroup.az,True,235.38,90,831,53268
anglobal.az,True,83.94,2,192,4608
anibor.az,True,9.28,1,22,299
anidad.az,True,252.64,80,870,53887
anifan.az,True,362.21,173,1490,149955
anima.az,True,699.32,302,3347,600649
animacenter.az,True,5.9,1,14,173
animafilm.az,True,276.84,0,599,21095
animasiya.az,True,116.09,0,252,5870
animation.az,True,116.09,36,346,12609
animator.az,True,0.08,0,1,10
animators.az,True,511.62,13,1331,122722
anipay.az,True,1.25,0,4,38
anipul.az,True,33.34,5,81,1466
anit.az,False,0.0,0,1,1
anjeer.az,True,502.25,96,1797,204223
ankarapazarlama.az,False,0.0,0,1,1
ankaratomer.az,True,51.58,2,118,2126
anket.az,False,0.0,0,1,1
anl.az,True,0.61,0,2,21
anlat.az,True,5.17,0,12,118
anmedia.az,True,246.25,487,1364,112171
ann.az,True,4.28,0,10,110
anor.az,True,18.24,4,44,715
anotherworld.az,True,465.33,4,1098,76013
anpdesign.az,False,0.0,0,1,1
anpfc.az,True,401.64,209,1736,190601
anqar.az,True,133.52,195,567,28350
anraudit.az,True,20.34,4,49,726
ans.az,False,0.0,0,1,1
ansa.az,False,0.0,0,1,1
answear.az,False,337.81,116,1261,5586
antalya.az,True,0.34,0,2,19
antaris.az,True,1054.22,1845,9357,2915808
antec.az,True,416.57,13,1084,89099
antelopecanyon.az,True,183.48,41,558,28971
anten.az,True,7.58,1,18,241
antibullinq.az,True,110.62,37,331,12703
anticafe.az,False,0.0,0,1,1
antiguoko.az,True,17.53,1,40,557
antikgroup.az,True,168.33,223,741,44402
antikinsaat.az,True,168.41,0,365,9779
antikvar.az,True,105.59,20,290,10028
antinovba.az,True,0.64,0,2,20
antiplagiat.az,True,92.89,0,202,4278
antstore.az,False,0.0,0,1,1
anv.az,True,0.61,0,2,19
anviz.az,False,0.0,0,1,1
anxeber.az,False,0.0,0,1,1
any.az,True,1.31,0,4,40
anydoc.az,True,36.55,4,87,1569
anykey.az,False,0.0,0,1,1
anytech.az,False,0.0,0,1,1
anywayanytrip.az,True,84.13,32,247,8075
anzov.az,True,8.48,0,19,210
aoc.az,False,57.32,0,125,91
aod.az,True,135.59,17,364,13701
aog.az,True,24.06,38,73,1507
aoid.az,True,9.92,9,26,385
aol.az,True,1366.55,3,3171,635906
aope.az,False,0.0,0,1,1
aorus.az,True,153.32,98,552,27265
aosmith.az,True,4.64,1,11,137
apa.az,True,273.14,233,1216,91696
apagroup.az,True,64.6,46,201,6121
apaholding.az,True,0.26,0,2,18
apak.az,True,60.14,55,193,6069
apaliqua.az,True,104.33,11,267,7515
apande.az,False,0.0,0,1,1
apar.az,True,1.43,0,4,43
aparan.az,False,0.0,0,1,1
aparat.az,True,26.64,79,92,2162
aparatlar.az,True,114.44,127,437,18493
aparco.az,True,7.58,0,17,166
apartmanyonetimi.az,True,9.06,3,22,334
apartment.az,True,61.37,9,155,3648
apartmentmanagement.az,True,10.49,1,24,306
apartments.az,True,156.07,41,475,22207
apartmentsbypassagehotel.az,False,0.0,0,1,1
apasport.az,True,173.24,161,700,39691
apatv.az,False,0.0,0,1,1
apc.az,False,0.0,0,1,1
apcpharm.az,True,7.44,1,18,207
apda.az,True,21.78,28,63,1194
apdesign.az,False,0.0,0,1,1
apdgroup.az,False,0.0,0,1,1
ape.az,True,9.14,0,21,239
ape-iron.az,False,0.0,0,1,1
apeiron.az,False,0.0,0,1,1
apepea.az,True,1.47,0,4,40
apex.az,True,2.23,0,6,59
apexconsulting.az,True,1.01,0,3,28
apexec.az,True,22.86,9,58,944
apexmetalworks.az,True,633.83,36,1886,237090
apexprojects.az,True,0.64,0,2,19
apextrading.az,True,20.02,28,58,1185
apexuniform.az,True,2.01,2,6,69
apfm.az,True,145.2,114,541,25044
api.az,True,2.9,3,8,95
apito.az,True,91.69,57,296,9529
aplus.az,True,0.75,0,3,27
aplusco.az,True,58.15,39,176,4547
aplusfinance.az,False,0.0,0,1,1
apnews.az,True,2324.19,49,7279,2924524
apolloenergy.az,False,0.0,0,1,1
apollontrading.az,False,0.0,0,1,1
apormgroup.az,False,0.0,0,1,1
apostille.az,True,286.36,53,910,65076
app.az,True,1.56,0,4,41
appartment.az,True,26.44,14,70,1384
applaza.az,True,48.21,4,115,2346
appleazerbaijan.az,True,3.0,0,7,74
applebox.az,True,12.37,0,28,342
applecare.az,True,710.34,0,1535,126018
application.az,False,0.0,0,1,1
apply.az,True,1.57,0,4,42
appmarket.az,False,0.0,0,1,1
appnet.az,False,0.0,0,1,1
appon.az,True,4.83,0,11,108
appraisal.az,False,0.0,0,1,1
appraiser.az,True,0.07,0,1,9
approhospital.az,True,108.14,8,269,8638
approlab.az,True,117.31,22,326,12014
appruvo.az,True,27.02,0,59,729
appstyle.az,True,0.72,0,3,31
appzeytunpharm.az,True,2.59,0,7,65
apr.az,False,0.0,0,1,1
apra.az,False,0.0,0,1,1
apress.az,True,166.11,204,714,42283
aprice.az,True,0.83,1,3,34
aprint.az,True,31.44,0,69,976
apromo.az,True,31.44,0,69,942
aps.az,True,0.97,0,3,29
apso.az,False,0.0,0,1,1
apss.az,True,9.93,6,25,400
apstudio.az,True,131.25,77,449,18737
apt.az,True,0.85,0,3,32
aptababy.az,True,0.09,0,1,9
aptamil.az,True,0.09,0,1,10
aptekinfo.az,True,127.14,103,463,19108
aptekonline.az,True,589.17,664,3610,549308
aptis.az,False,0.0,0,1,1
aptos.az,True,986.89,5,2362,336860
aptravel.az,True,48.24,4,115,2181
apus.az,False,0.0,0,1,1
apx.az,True,104.0,92,369,15722
apxgp.az,True,75.9,0,165,2821
apy.az,True,2.9,3,8,103
aqa.az,True,39.43,62,130,3254
aqara.az,True,3.01,1,8,92
aqat.az,True,129.82,2,297,7510
aqc.az,True,56.48,14,149,3512
aqdamli.az,True,12.2,20,34,616
aqets.az,True,0.16,0,1,9
aqgf.az,True,47.25,80,164,4155
aqora.az,True,0.31,0,2,20
aqp.az,True,66.47,77,228,7443
aqq.az,True,102.15,13,266,7774
aqra.az,True,177.06,200,757,39599
aqrar.az,True,229.56,193,972,65488
aqrarkredit.az,False,0.0,0,1,1
aqrarpress.az,True,54.13,32,159,3920
aqreqatlar.az,False,0.0,0,1,1
aqreqator.az,True,88.73,105,325,12836
aqroaz.az,True,98.21,13,256,7504
aqrobiocore.az,True,38.0,26,109,2637
aqrofan.az,False,0.0,0,1,1
aqrokimya.az,True,24.7,30,72,1382
aqrolab.az,True,0.16,0,1,9
aqrologistika.az,True,66.22,0,144,2174
aqroman.az,True,108.67,31,317,11692
aqromarket.az,False,0.0,0,1,1
aqron.az,True,10.24,0,23,239
aqronaft.az,True,143.59,40,435,17090
aqronom.az,False,0.0,0,1,1
aqrotestgroup.az,True,57.97,1,130,2190
aqrotexnika.az,True,1.18,0,4,38
aqrotextechizat.az,True,192.56,53,613,30561
aqrovest.az,True,864.1,18,2332,387371
aqrs.az,False,0.0,0,1,1
aqs.az,True,1.53,1,4,49
aqsgroup.az,True,71.45,6,174,4300
aqsia.az,True,175.66,31,511,22757
aqsmedical.az,True,0.16,0,1,10
aqua-win.az,True,150.28,97,540,27065
aquaacademy.az,True,127.53,29,368,13386
aquachem.az,True,31.85,50,101,2595
aquaconstruction.az,True,126.97,12,328,11962
aquafilter.az,True,44.59,24,126,3267
aquafitting.az,False,0.0,0,1,1
aquagarden.az,False,0.0,0,1,1
aquahome.az,True,26.29,47,83,1699
aqualife.az,True,139.31,29,402,16712
aqualink.az,True,3.42,2,9,113
aqualux.az,True,15.6,0,35,436
aquamax.az,False,0.0,0,1,1
aquaphorpro.az,False,116.15,55,372,702
aquaprint.az,True,51.98,48,163,4281
aquapro.az,False,0.0,0,1,1
aquaproject.az,True,0.08,0,1,9
aquasales.az,True,11.5,1,27,365
aquashop.az,False,0.0,0,1,1
aquasoft.az,True,14.6,10,38,626
aquasol.az,True,8.29,3,20,291
aquasport.az,True,15.99,0,36,380
aquastar.az,True,258.66,39,780,50055
aquatech.az,True,132.6,80,457,18792
aquatherm.az,True,48.69,110,180,5650
aquatherm-baku.az,True,48.69,110,180,5426
aquavita.az,False,0.0,0,1,1
aquawest.az,True,1.93,0,5,51
ar-metiz.az,False,20.87,19,58,55
arab.az,True,198.48,185,831,48157
arabachi.az,True,32.43,16,87,1809
arabam.az,True,157.34,30,456,18860
arabianranches.az,True,118.59,8,295,9191
arabul.az,True,73.71,119,278,9493
arada.az,True,3.27,0,8,77
araf.az,True,119.1,27,340,12986
aral.az,False,0.0,0,1,1
aralauto.az,False,0.0,0,1,1
arama.az,True,112.09,982,787,37306
aran.az,True,33.29,27,96,2029
aranazerbaijan.az,True,148.73,34,439,17475
aranbio.az,True,40.99,0,90,1343
aranches.az,False,0.0,0,1,1
aranconstruction.az,True,113.85,64,376,15778
arano.az,True,218.4,78,748,41472
aranqazeti.az,True,195.39,138,760,42991
arantv.az,True,169.46,355,851,47398
aras.az,False,0.0,0,1,1
arasdirma.az,True,22.27,23,63,1241
arasgroup.az,True,114.14,60,372,15332
arash.az,True,11.62,2,27,367
arash-holding.az,False,0.0,0,1,1
araskargo.az,False,0.0,0,1,1
aratap.az,False,0.0,0,1,1
araz-net.az,True,260.02,19,707,44757
arazapp.az,False,0.0,0,1,1
arazdedektor.az,True,65.5,139,256,7911
arazfm.az,True,3.12,2,8,91
arazimanov.az,False,0.0,0,1,1
arazinfo.az,True,250.22,64,824,49513
arazkargo.az,True,25.3,0,56,647
arazmarket.az,True,3054.73,36,9083,5327908
arazmedia.az,True,173.0,91,612,32979
arazmotor.az,True,95.69,1,214,4637
arazmotors.az,True,95.69,1,214,4340
araznet.az,True,90.36,58,293,9978
arazsupermarket.az,False,0.0,0,1,1
arazsuperstore.az,False,0.0,0,1,1
araztech.az,False,0.0,0,1,1
arazterrace.az,True,442.14,0,956,53357
arazxeber.az,True,51.57,105,189,5793
arb24.az,True,34.33,39,104,2375
arbay.az,True,16.2,15,44,815
arbeainshaat.az,True,15.04,0,33,346
arbgunesh.az,True,43.6,45,136,3597
arbinex.az,True,0.44,0,2,21
arbitr.az,True,35.74,43,110,2423
arbitration.az,False,0.11,0,1,1
arbitre.az,True,7.17,0,16,171
arbitro.az,True,544.15,129,2082,252561
arborlogistics.az,False,0.0,0,1,1
arbs.az,True,20.8,39,64,1394
arbtv.az,True,39.67,21,110,2328
arc.az,True,9.64,0,22,229
arcadeservice.az,True,212.22,57,684,37828
arccon.az,True,58.66,53,187,5670
arcelik.az,True,293.95,401,1532,121197
arcgis.az,True,1.56,0,4,37
arch.az,True,207.76,224,915,61338
archemical.az,False,0.0,0,1,1
archery.az,True,97.52,60,318,11815
archi.az,False,0.0,0,1,1
archiart.az,True,150.56,118,565,29143
archico.az,True,212.46,75,722,37997
archicoacademy.az,False,0.0,0,1,1
archicraft.az,True,2.48,0,6,64
archiglass.az,False,0.0,0,1,1
archigroup.az,True,4.46,0,11,102
archihub.az,True,0.0,0,1,9
archiko.az,True,167.3,0,362,8743
archiline.az,True,26.64,1,60,787
archiluxe.az,True,53.63,0,117,1786
archimet.az,True,120.24,99,434,18178
archimod.az,True,269.86,567,1570,133672
architectural.az,True,3.53,0,9,94
architecture.az,True,81.2,188,342,13893
archivex.az,True,293.27,1,654,26634
archmed.az,False,0.0,0,1,1
archproject.az,True,30.46,10,78,1469
archut.az,False,0.0,0,1,1
arcobaleno.az,True,0.21,0,1,10
arcon.az,True,126.73,2,290,7780
arcon-printing.az,True,82.98,0,180,3196
arcpro.az,True,192.67,2,440,15452
ard.az,True,0.79,0,3,30
ardic.az,False,51.0,89,180,268
ardlogistics.az,True,29.73,30,87,1789
ards.az,True,73.84,24,208,5720
ardushop.az,True,19.43,49,62,1351
area.az,True,297.97,280,1396,120899
area36.az,True,97.96,15,260,8600
area51.az,False,0.0,0,1,1
